{"0":[[[0,10],[1,10],[2,0],[3,0],[4,0],[5,0],[6,0],[7,0],[8,0],[9,0]],[[0,9],[1,9],[2,0],[3,0],[4,0],[5,0],[6,0],[7,0],[8,0],[9,0]],[[0,10.00015625],[1,10.00015625],[2,2.98485],[3,1.9899],[4,2.98485],[5,0.99495],[6,0],[7,0.99495],[8,1.9899],[9,0]],[[0,10.00549296875],[1,10.00549296875],[2,4.969353875],[3,2.97956925],[4,4.969353875],[5,0.994834625],[6,0],[7,0.994834625],[8,2.97956925],[9,0]],[[0,10.01100925390625],[1,10.01100925390625],[2,6.953344605625001],[3,3.9688964037499996],[4,6.953344605625001],[5,0.994663576875],[6,0],[7,0.994663576875],[8,3.9688964037499996],[9,0]],[[0,10.01670420763672],[1,10.01670420763672],[2,1.9833395269718748],[3,4.957789421731249],[4,1.9833395269718748],[5,0.9944465089906249],[6,0],[7,0.9944465089906249],[8,4.957789421731249],[9,0]],[[0,11.023868380575957],[1,19.028388434496932],[2,6.902464893733953],[3,10.798185530760186],[4,7.902464893733953],[5,8.796873101295796],[6,5.827345065493859],[7,3.895533063870735],[8,7.896845493335123],[9,5.827345065493859]],[[0,10.028626551915542],[1,10.028626551915542],[2,1.99719827769033],[3,0.9878253726268866],[4,1.99719827769033],[5,-0.0060873136865566835],[6,4.827345065493859],[7,3.889445750184178],[8,0.9878253726268866],[9,4.827345065493859]],[[0,16.052838612700953],[1,22.0855171537972],[2,9.830585854314455],[3,14.57784014564531],[4,7.903487598588143],[5,13.652606182800056],[6,7.64089282319648],[7,10.623081593857052],[8,3.943360331977126],[9,9.572241410347356]],[[0,10.041252908310184],[1,10.041252908310184],[2,2.012432474870369],[3,0.9966827520349335],[4,2.012432474870369],[5,-0.0016586239825332472],[6,-1],[7,-0.006690577107533291],[8,4.94004308401206],[9,-1]]],"1":[[0,1],[0,1],[0,1],[0,1],[0,1,2,4],[0,1],[0,1,2,3,4,5,8],[0,1],[0,1,2,3,4,5,6,7,9],[0,1]]}